country,country_code,year,population,gdp,internet_users,region ,GDP_per_capita
Bangladesh,BGD,1960,51828660,4274894083.33333,0,South Asia,82.48127741
Bangladesh,BGD,1961,53310348,4817580375,0,South Asia,90.36857863
Bangladesh,BGD,1962,54881146,5081413541.66667,0,South Asia,92.58942118
Bangladesh,BGD,1963,56504402,5319458562.5,0,South Asia,94.1423743
Bangladesh,BGD,1964,58178374,5386054833.33333,0,South Asia,92.57829779
Bangladesh,BGD,1965,59902519,5906636791.66667,0,South Asia,98.60414704
Bangladesh,BGD,1966,61669806,6439687854.16667,0,South Asia,104.4220547
Bangladesh,BGD,1967,63510929,7253575687.5,0,South Asia,114.2098817
Bangladesh,BGD,1968,65408276,7483685770.83333,0,South Asia,114.4149675
Bangladesh,BGD,1969,67294133,8471006437.5,0,South Asia,125.8803117
Bangladesh,BGD,1970,69058894,8992722166.66667,0,South Asia,130.2181608
Bangladesh,BGD,1971,70276758,8751843187.5,0,South Asia,124.5339631
Bangladesh,BGD,1972,71641519,6288245866.66667,0,South Asia,87.77376519
Bangladesh,BGD,1973,73722294,8086725729.3407,0,South Asia,109.6917268
Bangladesh,BGD,1974,75839348,12512460519.7088,0,South Asia,164.9863936
Bangladesh,BGD,1975,77854351,19448348073.4565,0,South Asia,249.804254
Bangladesh,BGD,1976,79855318,10117113333.3333,0,South Asia,126.6930442
Bangladesh,BGD,1977,81867264,9651149301.8746,0,South Asia,117.8877714
Bangladesh,BGD,1978,83889655,13281767142.8571,0,South Asia,158.3242552
Bangladesh,BGD,1979,85935072,15565480321.9448,0,South Asia,181.1307067
Bangladesh,BGD,1980,88016432,18138049095.6072,0,South Asia,206.0757143
Bangladesh,BGD,1981,90303105,20249694002.448,0,South Asia,224.2413924
Bangladesh,BGD,1982,92814507,18525399201.5968,0,South Asia,199.5959446
Bangladesh,BGD,1983,95335155,17609048821.5488,0,South Asia,184.7067729
Bangladesh,BGD,1984,97814966,18920840000,0,South Asia,193.435021
Bangladesh,BGD,1985,100253825,22278423076.9231,0,South Asia,222.2201804
Bangladesh,BGD,1986,102635572,21774033333.3333,0,South Asia,212.1489939
Bangladesh,BGD,1987,104959291,24298032258.0645,0,South Asia,231.4995845
Bangladesh,BGD,1988,107216008,26579005558.3652,0,South Asia,247.901466
Bangladesh,BGD,1989,109433799,28781715188.8919,0,South Asia,263.0057208
Bangladesh,BGD,1990,111633717,31598340778.2164,0,South Asia,283.0537371
Bangladesh,BGD,1991,113787109,30957483949.5798,0,South Asia,272.0649485
Bangladesh,BGD,1992,115952192,31708874594.1645,0,South Asia,273.4650725
Bangladesh,BGD,1993,118132360,33166519417.9894,0,South Asia,280.7572745
Bangladesh,BGD,1994,120343179,33768660882.793,0,South Asia,280.6030318
Bangladesh,BGD,1995,122600370,37939748768.6567,0.129807973947512,South Asia,309.4586808
Bangladesh,BGD,1996,124862179,46438484107.5795,3.099999905,South Asia,371.9179377
Bangladesh,BGD,1997,127198069,48244309133.4895,0.000751,South Asia,379.2849177
Bangladesh,BGD,1998,129622332,49984559471.3656,0.00368,South Asia,385.6168818
Bangladesh,BGD,1999,132108065,51270569883.5275,0.0362,South Asia,388.0956843
Bangladesh,BGD,2000,134544304,53369787318.6245,0.0710394230507683,South Asia,396.6707302
Bangladesh,BGD,2001,136805810,53991289844.3291,0.129807973947512,South Asia,394.65641
Bangladesh,BGD,2002,138933658,54724081490.5102,0.13992028850905,South Asia,393.8864223
Bangladesh,BGD,2003,140970351,60158929188.2556,0.163877665498048,South Asia,426.7488075
Bangladesh,BGD,2004,142902856,65108544250.0425,0.199036333744363,South Asia,455.6140169
Bangladesh,BGD,2005,144715786,69476001239.419,0.241600007,South Asia,480.0858508
Bangladesh,BGD,2006,146405973,71795736172.1561,1,South Asia,490.3880265
Bangladesh,BGD,2007,147989278,79611644974.5571,1.799999952,South Asia,537.9554928
Bangladesh,BGD,2008,149474264,91636997370.9772,2.5,South Asia,613.062041
Bangladesh,BGD,2009,150873714,102475158190.998,3.099999905,South Asia,679.2114774
Bangladesh,BGD,2010,152201981,115275540051.262,3.700000048,South Asia,757.3852804
Bangladesh,BGD,2011,153591076,128607482310.357,4.5,South Asia,837.3369447
Bangladesh,BGD,2012,155070101,133310747603.483,5,South Asia,859.6805364
Bangladesh,BGD,2013,156532141,149998957434.186,6.63,South Asia,958.2629898
Bangladesh,BGD,2014,157964929,172886611653.786,9.052900314,South Asia,1094.461997
Bangladesh,BGD,2015,159383179,195146608978.131,12.36880016,South Asia,1224.386477
Bangladesh,BGD,2016,160811932,265224515675.034,16.89909935,South Asia,1649.283809
Bangladesh,BGD,2017,162186147,293732446624.596,21.5,South Asia,1811.082217
Bangladesh,BGD,2018,163523103,321362752441.78,25.56509972,South Asia,1965.243727
Bangladesh,BGD,2019,164913055,351231654603.692,30.38310051,South Asia,2129.79897
Bangladesh,BGD,2020,166298024,373979442362.193,36.10910034,South Asia,2248.850788
Bangladesh,BGD,2021,167658854,416271647911.014,38.91744466,South Asia,2482.849178
Bangladesh,BGD,2022,169384897,460131689083.083,41.61650085,South Asia,2716.485928
Bangladesh,BGD,2023,171466990,437415333018.291,44.50274195,South Asia,2551.017738
Bangladesh,BGD,2024,173562364,450119432068.852,53.42171316,South Asia,2593.416117
Brazil,BRA,1960,72388126,17030465539.3906,0.0129,South America,235.2660095
Brazil,BRA,1961,74605447,17275940449.3837,0,South America,231.5640633
Brazil,BRA,1962,76865323,19231747851.5332,0,South America,250.2005729
Brazil,BRA,1963,79164235,23287712878.2002,0,South America,294.1696194
Brazil,BRA,1964,81488595,20963733694.9749,0,South America,257.2597269
Brazil,BRA,1965,83817583,22465522884.0988,0,South America,268.0287606
Brazil,BRA,1966,86139359,28283323733.1114,0,South America,328.3437915
Brazil,BRA,1967,88446124,31086389194.961,0,South America,351.4726004
Brazil,BRA,1968,90741240,33930457425.2613,0,South America,373.9254326
Brazil,BRA,1969,93045777,37171640818.5863,0,South America,399.4984191
Brazil,BRA,1970,95375651,42327664793.6934,0,South America,443.799485
Brazil,BRA,1971,97739273,48869830901.7878,0,South America,500.001989
Brazil,BRA,1972,100146797,58434858374.8696,0,South America,583.4920349
Brazil,BRA,1973,102600976,83592275862.9982,0,South America,814.7317806
Brazil,BRA,1974,105089675,109794519727.538,0,South America,1044.769809
Brazil,BRA,1975,107619565,129203555238.827,0.00329,South America,1200.558237
Brazil,BRA,1976,110213349,153168949208.207,0,South America,1389.749523
Brazil,BRA,1977,112875292,176344101401.941,0,South America,1562.29143
Brazil,BRA,1978,115600942,200278646123.581,0.13992028850905,South America,1732.500122
Brazil,BRA,1979,118380821,221338204480.222,0.13992028850905,South America,1869.713376
Brazil,BRA,1980,121207461,237393489892.637,0.13992028850905,South America,1958.571592
Brazil,BRA,1981,124063109,258015174748.648,0.13992028850905,South America,2079.709084
Brazil,BRA,1982,126923155,271314113768.417,0,South America,2137.625036
Brazil,BRA,1983,129790077,189656506321.431,0,South America,1461.255827
Brazil,BRA,1984,132658864,188339974086.58,0,South America,1419.731546
Brazil,BRA,1985,135515595,210879844638.877,0,South America,1556.129718
Brazil,BRA,1986,138336370,256480852471.129,0,South America,1854.037752
Brazil,BRA,1987,141104944,283056836893.838,0,South America,2006.002262
Brazil,BRA,1988,143826357,307881930752.268,0,South America,2140.650276
Brazil,BRA,1989,146502972,412990820287.42,0,South America,2818.99278
Brazil,BRA,1990,149143223,390725626002.866,0,South America,2619.801411
Brazil,BRA,1991,151724256,342609231342.783,0.00329,South America,2258.10454
Brazil,BRA,1992,154275079,328187960871.951,0.0129,South America,2127.29083
Brazil,BRA,1993,156794577,368295778245.09,0.0255,South America,2348.906354
Brazil,BRA,1994,159265006,525369851353.742,0.0377,South America,3298.714919
Brazil,BRA,1995,161735073,769333330411.575,0.105,South America,4756.750136
Brazil,BRA,1996,164202549,850426433004.077,0.451,South America,5179.13052
Brazil,BRA,1997,166661659,883206452795.124,0.786,South America,5299.397942
Brazil,BRA,1998,169159655,863711007325.493,1.48,South America,5105.892462
Brazil,BRA,1999,171641543,599642075004.471,2.04,South America,3493.57192
Brazil,BRA,2000,174018282,655448188259.351,2.87068515854108,South America,3766.547863
Brazil,BRA,2001,176301203,559983704094.17,4.52849486902851,South America,3176.289751
Brazil,BRA,2002,178503484,509795270685.19,9.14942508560748,South America,2855.940171
Brazil,BRA,2003,180622688,558233724164.711,13.2075861035303,South America,3090.606891
Brazil,BRA,2004,182675143,669289321944.512,19.073672274442,South America,3663.822625
Brazil,BRA,2005,184688101,891633826625.407,21.022747248827,South America,4827.781659
Brazil,BRA,2006,186653106,1107626711163.23,28.17840004,South America,5934.145619
Brazil,BRA,2007,188552320,1397114247188.89,30.87999916,South America,7409.690038
Brazil,BRA,2008,190367302,1695855391757.96,33.83,South America,8908.333385
Brazil,BRA,2009,192079951,1666996294252.12,39.22,South America,8678.658473
Brazil,BRA,2010,193701929,2208838108484.35,40.65,South America,11403.284
Brazil,BRA,2011,195284734,2616156606579.21,45.69,South America,13396.62632
Brazil,BRA,2012,196876111,2465228293706.86,48.56,South America,12521.72385
Brazil,BRA,2013,198478299,2472819362043.74,51.04,South America,12458.89034
Brazil,BRA,2014,200085127,2456043766032.38,54.5510018796392,South America,12274.99416
Brazil,BRA,2015,201675532,1802211999456.42,58.3279517340924,South America,8936.195589
Brazil,BRA,2016,203218114,1795693265999.04,60.8725400681261,South America,8836.28546
Brazil,BRA,2017,204703445,2063514688805.78,67.4712845236305,South America,10080.50787
Brazil,BRA,2018,206107261,1916933708352.71,70.4342825404361,South America,9300.660729
Brazil,BRA,2019,207455459,1873288158838.63,73.9124399133589,South America,9029.833044
Brazil,BRA,2020,208660842,1476107292151.95,81.34269353,South America,7074.194075
Brazil,BRA,2021,209550294,1670647464062.96,80.68989314,South America,7972.536961
Brazil,BRA,2022,210306415,1951923832083.87,80.52775094,South America,9281.332821
Brazil,BRA,2023,211140729,2191131869706.02,84.15060238,South America,10377.58977
Brazil,BRA,2024,211998573,2185821648943.86,84.46347227,South America,10310.54888
Brazil,BRA,2025,159265006,525369851353.742,0.0377,South America,3298.714919
China,CHN,1960,667070000,59846235024.7318,0,East Asia,89.71507492
China,CHN,1961,660330000,50162299349.7871,0,East Asia,75.96550111
China,CHN,1962,665770000,47310737754.2287,0,East Asia,71.0616846
China,CHN,1963,682335000,50812227918.5753,0,East Asia,74.46815409
China,CHN,1964,698355000,59821862703.4023,0,East Asia,85.66110746
China,CHN,1965,715185000,70565994356.1828,0,East Asia,98.66816887
China,CHN,1966,735400000,76854053259.209,0,East Asia,104.5064635
China,CHN,1967,754550000,73011350596.2485,0,East Asia,96.76144801
China,CHN,1968,774510000,70980323818.7853,0,East Asia,91.64545818
China,CHN,1969,796025000,79847786729.1898,0,East Asia,100.3081395
China,CHN,1970,818315000,92752930873.1912,0,East Asia,113.346243
China,CHN,1971,841105000,99959013879.6308,0,East Asia,118.8424916
China,CHN,1972,862030000,113871930713.841,0,East Asia,132.0974104
China,CHN,1973,881940000,138764340892,0,East Asia,157.3398881
China,CHN,1974,900350000,144418433058.472,0,East Asia,160.4025469
China,CHN,1975,916395000,163687619735.857,0,East Asia,178.6212493
China,CHN,1976,930685000,154196810058.643,0,East Asia,165.6809877
China,CHN,1977,943455000,175226595859.778,0,East Asia,185.7286207
China,CHN,1978,956165000,149788617886.179,9.14942508560748,East Asia,156.6556169
China,CHN,1979,969005000,178573913043.478,9.14942508560748,East Asia,184.2858531
China,CHN,1980,981235000,191487500000,9.14942508560748,East Asia,195.14948
China,CHN,1981,993885000,196218253968.254,9.14942508560748,East Asia,197.425511
China,CHN,1982,1008630000,205480916030.534,9.14942508560748,East Asia,203.7227884
China,CHN,1983,1023310000,231130268199.234,9.14942508560748,East Asia,225.865347
China,CHN,1984,1036825000,260442857142.857,0,East Asia,251.1926865
China,CHN,1985,1051040000,310064625850.34,9.14942508560748,East Asia,295.0074458
China,CHN,1986,1066790000,301310144927.536,9.14942508560748,East Asia,282.4456031
China,CHN,1987,1084035000,273455156950.673,9.14942508560748,East Asia,252.2567601
China,CHN,1988,1101630000,312888888888.889,9.14942508560748,East Asia,284.0235731
China,CHN,1989,1118650000,348380566801.619,9.14942508560748,East Asia,311.4294612
China,CHN,1990,1135185000,361560229445.507,0,East Asia,318.5033536
China,CHN,1991,1150780000,384510452961.672,0,East Asia,334.1302881
China,CHN,1992,1164970000,428502354788.069,0,East Asia,367.8226519
China,CHN,1993,1178440000,446557291212.148,0.000169,East Asia,378.9393531
China,CHN,1994,1191835000,566929539493.172,0.00117,East Asia,475.6778744
China,CHN,1995,1204855000,738190896227.55,0.00495,East Asia,612.6802779
China,CHN,1996,1217550000,868523936530.083,0.0131,East Asia,713.3373878
China,CHN,1997,1230075000,967753570434.667,0.0324,East Asia,786.7435485
China,CHN,1998,1241935000,1037134141760.35,0.169,East Asia,835.0953486
China,CHN,1999,1252735000,1103843203575.64,0.708,East Asia,881.1466141
China,CHN,2000,1262645000,1223754919971.05,1.77591320677415,East Asia,969.1995137
China,CHN,2001,1271850000,1355036590251.52,2.63965021485872,East Asia,1065.405976
China,CHN,2002,1280400000,1489821682050.54,4.59570433077551,East Asia,1163.559577
China,CHN,2003,1288400000,1683903309843.85,6.2,East Asia,1306.972454
China,CHN,2004,1296075000,1984196551300.44,7.3,East Asia,1530.927262
China,CHN,2005,1303720000,2317551298052.05,8.52325700269541,East Asia,1777.644968
China,CHN,2006,1311020000,2791498472804.33,10.5231526193851,East Asia,2129.25697
China,CHN,2007,1317885000,3604055822571.63,16,East Asia,2734.727099
China,CHN,2008,1324655000,4667346414521.95,22.6,East Asia,3523.443021
China,CHN,2009,1331260000,5189577094997.58,28.9,East Asia,3898.244592
China,CHN,2010,1337705000,6192564874453.29,34.3,East Asia,4629.245517
China,CHN,2011,1345035000,7671757207851.29,38.3,East Asia,5703.76028
China,CHN,2012,1354190000,8673664713189.24,42.30009842,East Asia,6405.057424
China,CHN,2013,1363240000,9743124247267.24,45.79999924,East Asia,7147.035186
China,CHN,2014,1371860000,10674533168257.4,47.90000153,East Asia,7781.065975
China,CHN,2015,1379860000,11280814787468.9,50.29999924,East Asia,8175.332851
China,CHN,2016,1387790000,11456024084962,53.2,East Asia,8254.868593
China,CHN,2017,1396215000,12537559062282.9,54.3,East Asia,8979.676527
China,CHN,2018,1402760000,14147765772963.8,65.35839844,East Asia,10085.66381
China,CHN,2019,1407745000,14560167101283.4,64.080881297515,East Asia,10342.90095
China,CHN,2020,1411100000,14996414166715.1,70.05275998,East Asia,10627.4638
China,CHN,2021,1412360000,18201698719564,73.05323517,East Asia,12887.43572
China,CHN,2022,1412175000,18316765021690.2,75.61131603,East Asia,12970.60564
China,CHN,2023,1410710000,18270356654533.2,90.6,East Asia,12951.17824
China,CHN,2024,1408975000,18743803170827.2,92,East Asia,13303.14815
China,CHN,2025,1191835000,566929539493.172,91.6,East Asia,475.6778744
France,FRA,1960,47412964,61959085885.3427,0.25,Europe,1306.796299
France,FRA,1961,47905982,67158050215.0488,0.25,Europe,1401.871904
France,FRA,1962,48389516,75196980365.0325,0.591,Europe,1553.993232
France,FRA,1963,48877567,84227606649.8725,0.591,Europe,1723.236483
France,FRA,1964,49401492,93424179943.3453,0.591,Europe,1891.120615
France,FRA,1965,49877725,100927668584.29,0.591,Europe,2023.501845
France,FRA,1966,50311637,109306730313.216,0.591,Europe,2172.593396
France,FRA,1967,50722791,118088635380.954,0.591,Europe,2328.117855
France,FRA,1968,51112980,128710572572.436,0.591,Europe,2518.158256
France,FRA,1969,51536014,140660914840.59,0.591,Europe,2729.371248
France,FRA,1970,52007169,147312861698.358,0.591,Europe,2832.549138
France,FRA,1971,52499553,164694210962.472,0.591,Europe,3137.0593
France,FRA,1972,52962356,201738881664.499,0.591,Europe,3809.09946
France,FRA,1973,53392161,261970536240.424,0.591,Europe,4906.535554
France,FRA,1974,53746571,282739225313.693,0.591,Europe,5260.600259
France,FRA,1975,54002853,357324307786.446,0.591,Europe,6616.767225
France,FRA,1976,54232383,368363152144.223,0.591,Europe,6792.309904
France,FRA,1977,54486467,406401711687.617,0.591,Europe,7458.764241
France,FRA,1978,54734030,501724418604.651,0.591,Europe,9166.59012
France,FRA,1979,54979851,608218624730.188,0.14,Europe,11062.57317
France,FRA,1980,55274184,694529183483.39,0.14,Europe,12565.16394
France,FRA,1981,55603353,609184791792.396,0.14,Europe,10955.9003
France,FRA,1982,55806789,578152310609.841,0.14,Europe,10359.89207
France,FRA,1983,56108330,553356312935.709,0.0528,Europe,9862.284494
France,FRA,1984,56383085,525033325827.516,0.14,Europe,9311.894265
France,FRA,1985,56665619,547220981165.134,0.0528,Europe,9657.019385
France,FRA,1986,56956002,764946585850.933,0.0528,Europe,13430.48246
France,FRA,1987,57266167,926320855614.973,0.0528,Europe,16175.70905
France,FRA,1988,57598186,1010827662151.75,0.0528,Europe,17549.64405
France,FRA,1989,57943062,1016742237302.08,0.0528,Europe,17547.26454
France,FRA,1990,58261012,1257649439826.53,0.0528,Europe,21586.46746
France,FRA,1991,58554242,1258961748633.88,0.14,Europe,21500.77784
France,FRA,1992,58846584,1389663073110.28,0.279,Europe,23615.01686
France,FRA,1993,59103094,1314383368079.69,0.591,Europe,22238.82506
France,FRA,1994,59324863,1385822778827.98,0.9,Europe,23359.89851
France,FRA,1995,59541294,1595219345511.89,1.64,Europe,26791.8152
France,FRA,1996,59754504,1598889216566.23,2.58,Europe,26757.63515
France,FRA,1997,59968066,1449392222971.45,4.26,Europe,24169.40081
France,FRA,1998,60190684,1496906382032.47,6.32,Europe,24869.40308
France,FRA,1999,60501986,1486915879701.93,9.13,Europe,24576.31523
France,FRA,2000,60918661,1360959069477.49,14.3079239430677,Europe,22340.59395
France,FRA,2001,61364377,1370376677298.86,26.3259035521688,Europe,22331.79483
France,FRA,2002,61812142,1492427756382.43,30.18,Europe,24144.5727
France,FRA,2003,62249855,1835095983049.09,36.14,Europe,29479.52221
France,FRA,2004,62707588,2109792297237.03,39.15,Europe,33644.92822
France,FRA,2005,63180854,2192146403028.17,42.87,Europe,34696.37183
France,FRA,2006,63622342,2317861544690.82,46.87,Europe,36431.56589
France,FRA,2007,64016890,2655816911866.56,66.09,Europe,41486.19078
France,FRA,2008,64375116,2926802941585.86,70.68,Europe,45464.81814
France,FRA,2009,64706436,2700075882518.98,71.58,Europe,41728.08842
France,FRA,2010,65026211,2646230027988.34,77.28,Europe,40694.82117
France,FRA,2011,65340830,2870408553990.28,77.8199989926706,Europe,43929.78409
France,FRA,2012,65657659,2683007095787.23,81.44,Europe,40863.58144
France,FRA,2013,65997932,2816077607875.26,81.9198,Europe,42669.17951
France,FRA,2014,66312067,2861236112552.42,83.7510996681821,Europe,43148.04593
France,FRA,2015,66548272,2442483452642.5,78.0060377071902,Europe,36702.43237
France,FRA,2016,66724104,2470407619777.13,79.2698113207547,Europe,37024.21571
France,FRA,2017,66918020,2588868323334.71,80.5024597243607,Europe,38687.16264
France,FRA,2018,67158348,2781576320884.39,82.0431867788484,Europe,41418.17665
France,FRA,2019,67382061,2722793515171.76,83.3397440866883,Europe,40408.28486
France,FRA,2020,67601110,2647926055110.05,84.70639801,Europe,39169.8606
France,FRA,2021,67842811,2966433692008.09,86.09548575,Europe,43725.09995
France,FRA,2022,68184457,2794788137066.94,85.33331734,Europe,40988.63964
France,FRA,2023,68372286,3056250648138.29,86.83635789,Europe,44700.13842
France,FRA,2024,68551653,3160442622465.08,88.65381638,Europe,46103.08409
France,FRA,2025,59324863,1385822778827.98,0.9,Europe,23359.89851
Germany,DEU,1960,72814900,84619845881.2608,93.49999579,Europe,1162.122668
Germany,DEU,1961,73377632,96558204043.1028,93.49999579,Europe,1315.907878
Germany,DEU,1962,74025784,105895435234.343,93.49999579,Europe,1430.520955
Germany,DEU,1963,74714353,112232503744.1,93.49999579,Europe,1502.154529
Germany,DEU,1964,75318337,123330404665.086,93.49999579,Europe,1637.455228
Germany,DEU,1965,75963695,134774688191.161,93.49999579,Europe,1774.19869
Germany,DEU,1966,76600311,143304275683.979,93.49999579,Europe,1870.805403
Germany,DEU,1967,76951336,145100667772.69,93.49999579,Europe,1885.615966
Germany,DEU,1968,77294314,156527292653.157,93.49999579,Europe,2025.081595
Germany,DEU,1969,77909682,177733486326.06,93.49999579,Europe,2281.275982
Germany,DEU,1970,78169289,216629229947.096,93.49999579,Europe,2771.283105
Germany,DEU,1971,78312842,250900942396.699,93.49999579,Europe,3203.828848
Germany,DEU,1972,78688452,300899944795.436,93.49999579,Europe,3823.940326
Germany,DEU,1973,78936666,399833571167.215,0.25,Europe,5065.245233
Germany,DEU,1974,78967433,446934971657.471,0.25,Europe,5659.737878
Germany,DEU,1975,78673554,492434094920.105,0.25,Europe,6259.207445
Germany,DEU,1976,78336950,521658712132.981,0.435,Europe,6659.165466
Germany,DEU,1977,78159814,602698323085.993,0.25,Europe,7711.10232
Germany,DEU,1978,78091820,743182891918.208,0.25,Europe,9516.782832
Germany,DEU,1979,78126350,884574218333.155,0.25,Europe,11322.35434
Germany,DEU,1980,78288576,953772499462.019,0.25,Europe,12182.78002
Germany,DEU,1981,78407907,803404797057.551,0.25,Europe,10246.47676
Germany,DEU,1982,78333366,779421633755.138,0.25,Europe,9950.05926
Germany,DEU,1983,78128282,773507930294.906,0.25,Europe,9900.485592
Germany,DEU,1984,77858685,727767760978.627,0.25,Europe,9347.290684
Germany,DEU,1985,77684873,735218723093.277,0.25,Europe,9464.116947
Germany,DEU,1986,77720436,1050092624515.9,0.25,Europe,13511.152
Germany,DEU,1987,77839920,1302932318824.81,0.25,Europe,16738.61328
Germany,DEU,1988,78144619,1406367016371.53,0.25,Europe,17996.97835
Germany,DEU,1989,78751283,1404092925205.45,0.25,Europe,17829.46095
Germany,DEU,1990,79433029,1778162195860.07,0.126,Europe,22385.67783
Germany,DEU,1991,80013896,1875792575132.59,0.25,Europe,23443.33508
Germany,DEU,1992,80624598,2141377582968.07,0.435,Europe,26559.85439
Germany,DEU,1993,81156363,2078954217437.6,0.464,Europe,25616.65088
Germany,DEU,1994,81438348,2215282632276.73,0.923,Europe,27201.95936
Germany,DEU,1995,81678051,2593053091306.13,1.84,Europe,31747.24494
Germany,DEU,1996,81914831,2506576553158.31,3.05,Europe,30599.7891
Germany,DEU,1997,82034771,2218790886532.82,6.71,Europe,27046.95655
Germany,DEU,1998,82047195,2247760364565.97,9.88,Europe,27395.94406
Germany,DEU,1999,82100243,2213873468586.88,20.8,Europe,26965.49228
Germany,DEU,2000,82211508,1966980701145.1,30.2163466048889,Europe,23925.85599
Germany,DEU,2001,82349925,1966381496641.73,31.650939416316,Europe,23878.36415
Germany,DEU,2002,82488495,2102350798305.89,48.82,Europe,25486.5942
Germany,DEU,2003,82534176,2534715518349.01,55.9,Europe,30711.10225
Germany,DEU,2004,82516260,2852317768061.78,64.73,Europe,34566.73591
Germany,DEU,2005,82469422,2893393187361.87,68.71,Europe,35084.43635
Germany,DEU,2006,82376451,3046308753670.58,72.16,Europe,36980.33499
Germany,DEU,2007,82266372,3484056680854.91,75.16,Europe,42350.92172
Germany,DEU,2008,82110097,3808197720125,78,Europe,46379.1648
Germany,DEU,2009,81902307,3478545516683.59,79,Europe,42471.88686
Germany,DEU,2010,81776930,3467093769666.67,82,Europe,42396.9666
Germany,DEU,2011,80274983,3823575803793.78,81.26999953602,Europe,47630.97619
Germany,DEU,2012,80425823,3596483233406.25,82.3499984738392,Europe,44718.01592
Germany,DEU,2013,80645605,3807023797050.99,84.17,Europe,47206.83535
Germany,DEU,2014,80982500,3964870735760.77,86.1937006578756,Europe,48959.59912
Germany,DEU,2015,81686611,3425099578746.09,87.5897993525767,Europe,41929.75491
Germany,DEU,2016,82348669,3536787895179,84.1652066441212,Europe,42948.93819
Germany,DEU,2017,82657002,3765351626105.89,84.3941537010844,Europe,45553.93415
Germany,DEU,2018,82905782,4055433215301.96,87.037112092841,Europe,48916.16866
Germany,DEU,2019,83092962,3959894794039.21,88.1345169091916,Europe,47656.19974
Germany,DEU,2020,83160871,3941398957073.94,89.81294133,Europe,47394.87345
Germany,DEU,2021,83196078,4355251953410.78,91.43060973,Europe,52349.246
Germany,DEU,2022,83177813,4201021706478.62,91.62984383,Europe,50506.51796
Germany,DEU,2023,83287273,4562207532490.28,92.4763763,Europe,54776.76682
Germany,DEU,2024,83516593,4685592577804.69,93.49999579,Europe,56103.73232
Germany,DEU,2025,78967433,446934971657.471,0.25,Europe,5659.737878
India,IND,1960,435990338,37029883876.1839,0.000111,South Asia,84.93280848
India,IND,1961,446564729,39232435784.0358,0,South Asia,87.85386135
India,IND,1962,457283090,42161481858.0819,0.000111,South Asia,92.19995836
India,IND,1963,468138575,48421923459.1235,0.000111,South Asia,103.4350213
India,IND,1964,479229598,56480289940.9899,0.000111,South Asia,117.8564308
India,IND,1965,490140146,59556105229.0052,0.000111,South Asia,121.508319
India,IND,1966,500740247,45581230504.071,0.000111,South Asia,91.02769505
India,IND,1967,511606372,50134942204,0.000111,South Asia,97.99514812
India,IND,1968,522716889,53085455870.6667,0.000111,South Asia,101.5568025
India,IND,1969,533880544,58447995017.3333,0.000111,South Asia,109.4776644
India,IND,1970,545864268,62422483054.6667,0.000111,South Asia,114.35532
India,IND,1971,558096387,67351404351.833,0.000111,South Asia,120.6805955
India,IND,1972,570482142,71464700666.9869,0.000111,South Asia,125.270706
India,IND,1973,583465598,85517673172.5513,0.000111,South Asia,146.5684926
India,IND,1974,597041391,99526597933.6331,0.000111,South Asia,166.6996618
India,IND,1975,611309535,98473832017.3242,0.000218,South Asia,161.086694
India,IND,1976,625861883,102716451979.68,0,South Asia,164.1199996
India,IND,1977,640801103,121486641441.309,0.000218,South Asia,189.5855686
India,IND,1978,655728229,137302319828.995,0.00107,South Asia,209.3890636
India,IND,1979,671155747,152995442497.709,0.000218,South Asia,227.9581799
India,IND,1980,687354025,186328579302.068,0.000218,South Asia,271.080946
India,IND,1981,703696250,193491368445.573,0.000218,South Asia,274.9643308
India,IND,1982,720313473,200715624830.902,0.000218,South Asia,278.6503826
India,IND,1983,737372681,218262146413.158,0.000218,South Asia,295.9997733
India,IND,1984,754875449,212157645177.652,0.000218,South Asia,281.0498678
India,IND,1985,772647793,232511554840.372,0.000218,South Asia,300.9282586
India,IND,1986,790689978,248985994040.59,0.000218,South Asia,314.8971164
India,IND,1987,808931270,279033584092.223,0.000218,South Asia,344.9410283
India,IND,1988,827342990,296589670895.932,0.000218,South Asia,358.4845396
India,IND,1989,846039529,296042052944.66,0.000218,South Asia,349.915155
India,IND,1990,864972221,320979026420.035,0,South Asia,371.0859362
India,IND,1991,883927600,270105341879.226,0,South Asia,305.5740559
India,IND,1992,902957070,288208070278.013,0.000111,South Asia,319.1824726
India,IND,1993,922118387,279295648982.529,0.000218,South Asia,302.8848062
India,IND,1994,941163767,327274843459.429,0.00107,South Asia,347.7342147
India,IND,1995,960301044,360281909643.489,0.0262,South Asia,375.1760054
India,IND,1996,979678458,392896866204.516,0.0463,South Asia,401.0467547
India,IND,1997,999133762,415867563592.829,0.0708,South Asia,416.2281162
India,IND,1998,1018665080,421351317224.941,0.139,South Asia,413.6308641
India,IND,1999,1038225823,458821052615.79,0.273,South Asia,441.9279914
India,IND,2000,1057922733,468395521654.458,0.527532449930946,South Asia,442.7502189
India,IND,2001,1077898575,485440139204.171,0.660146377009928,South Asia,450.3579005
India,IND,2002,1097600380,514939140318.756,1.53787558175083,South Asia,469.149929
India,IND,2003,1116803006,607700687237.318,1.68648997063625,South Asia,544.1431335
India,IND,2004,1135991513,709152728830.775,1.97613649190559,South Asia,624.2588265
India,IND,2005,1154676322,820383763511.445,2.388099909,South Asia,710.4880804
India,IND,2006,1172878890,940259888787.721,2.80549986534254,South Asia,801.6683537
India,IND,2007,1190676021,1216736438834.96,3.95,South Asia,1021.887077
India,IND,2008,1207930964,1198895139005.92,4.38,South Asia,992.5195849
India,IND,2009,1225524753,1341888016994.9,5.12,South Asia,1094.949746
India,IND,2010,1243481564,1675615519484.96,7.5,South Asia,1347.519391
India,IND,2011,1261224954,1823051829894.55,10.07,South Asia,1445.461275
India,IND,2012,1278674502,1827637590410.41,11.10000038,South Asia,1429.321995
India,IND,2013,1295829511,1856721507621.58,12.30000019,South Asia,1432.843975
India,IND,2014,1312277191,2039126479154.52,13.5,South Asia,1553.883961
India,IND,2015,1328024498,2103588360044.94,14.89999962,South Asia,1583.998159
India,IND,2016,1343944296,2294796885663.16,16.5,South Asia,1707.508929
India,IND,2017,1359657400,2651474262755.45,18.20000076,South Asia,1950.104683
India,IND,2018,1374659064,2702929641648.74,20.0813000379384,South Asia,1966.254552
India,IND,2019,1389030312,2835606256558.19,29.52350044,South Asia,2041.428637
India,IND,2020,1402617695,2674851578587.27,43.40544313,South Asia,1907.042516
India,IND,2021,1414203896,3167270623260.47,49.2580986,South Asia,2239.613844
India,IND,2022,1425423212,3346107287730.93,55.9,South Asia,2347.448294
India,IND,2023,1438069596,3638489096033.86,60.25230026,South Asia,2530.120313
India,IND,2024,1450935791,3909891533858.08,64.9434967,South Asia,2694.737809
India,IND,2025,1225524753,1341888016994.9,70,South Asia,1094.949746
Indonesia,IDN,1960,88296070,3686033044482.13,95.4720993,Southeast Asia,41746.28661
Indonesia,IDN,1961,90791249,5667756627.92093,0,Southeast Asia,62.42624361
Indonesia,IDN,1962,93375850,5667756627.92093,0,Southeast Asia,60.69831362
Indonesia,IDN,1963,96051424,5667756627.92093,0,Southeast Asia,59.00752318
Indonesia,IDN,1964,98833749,5667756627.92093,0,Southeast Asia,57.34636888
Indonesia,IDN,1965,101365130,5667756627.92093,0,Southeast Asia,55.91426389
Indonesia,IDN,1966,103792754,5667756627.92093,0,Southeast Asia,54.60647694
Indonesia,IDN,1967,106526393,5667756627.92093,0,Southeast Asia,53.2051867
Indonesia,IDN,1968,109450006,7076465299.81141,0,Southeast Asia,64.65477306
Indonesia,IDN,1969,112517639,8337423312.88344,0,Southeast Asia,74.09881141
Indonesia,IDN,1970,115657495,9150684931.50685,0,Southeast Asia,79.11882348
Indonesia,IDN,1971,118833702,9333536369.94567,0,Southeast Asia,78.54283939
Indonesia,IDN,1972,122039841,10997590361.4458,0,Southeast Asia,90.11475491
Indonesia,IDN,1973,125288515,16273253012.0482,0,Southeast Asia,129.8862311
Indonesia,IDN,1974,128555045,25802409638.5542,0,Southeast Asia,200.7109845
Indonesia,IDN,1975,131843848,30463855421.6867,0,Southeast Asia,231.0601206
Indonesia,IDN,1976,135173655,37269156626.506,0,Southeast Asia,275.7131678
Indonesia,IDN,1977,138533541,45808915662.6506,0,Southeast Asia,330.6702141
Indonesia,IDN,1978,141953163,51455719075.8254,0,Southeast Asia,362.4837798
Indonesia,IDN,1979,145434834,51400186342.8889,0,Southeast Asia,353.4241758
Indonesia,IDN,1980,148950540,72482337397.4439,0,Southeast Asia,486.620172
Indonesia,IDN,1981,152485035,85518233419.0479,0,Southeast Asia,560.830336
Indonesia,IDN,1982,156052152,90158449294.9921,0,Southeast Asia,577.7456327
Indonesia,IDN,1983,159651381,81052283383.7155,0,Southeast Asia,507.6829457
Indonesia,IDN,1984,163251124,84853700027.651,0,Southeast Asia,519.7740631
Indonesia,IDN,1985,166776185,85289488375.4435,0,Southeast Asia,511.4008836
Indonesia,IDN,1986,170175065,79954072544.5279,0,Southeast Asia,469.8342413
Indonesia,IDN,1987,173511154,75929617557.7521,0,Southeast Asia,437.6065504
Indonesia,IDN,1988,176855065,84300174485.7973,0,Southeast Asia,476.6624834
Indonesia,IDN,1989,180201630,94451427876.6628,0,Southeast Asia,524.1430273
Indonesia,IDN,1990,183501098,106140727333.636,0,Southeast Asia,578.4201211
Indonesia,IDN,1991,186778238,116621996217.133,0,Southeast Asia,624.3874954
Indonesia,IDN,1992,190043744,128026966579.964,0,Southeast Asia,673.6710395
Indonesia,IDN,1993,193305168,158006700301.533,32.335806250688,Southeast Asia,817.3951164
Indonesia,IDN,1994,196591828,176892143931.505,0.00106,Southeast Asia,899.7939829
Indonesia,IDN,1995,199888057,202132028723.115,0.0261,Southeast Asia,1011.226142
Indonesia,IDN,1996,203204348,227369679374.973,0.0566,Southeast Asia,1118.92133
Indonesia,IDN,1997,206536095,215748998609.635,0.195,Southeast Asia,1044.606748
Indonesia,IDN,1998,209826788,95445547872.715,0.255,Southeast Asia,454.8778008
Indonesia,IDN,1999,213004668,140001351215.462,0.444,Southeast Asia,657.2689347
Indonesia,IDN,2000,216077790,165021012077.81,0.925563864466858,Southeast Asia,763.711125
Indonesia,IDN,2001,219097902,160446947784.909,2.01861385948459,Southeast Asia,732.3070934
Indonesia,IDN,2002,222088495,195660611165.183,2.13413573295808,Southeast Asia,881.0029136
Indonesia,IDN,2003,225048008,234772463823.808,2.38701977959476,Southeast Asia,1043.210584
Indonesia,IDN,2004,227926649,256836875295.452,2.60028587633414,Southeast Asia,1126.840044
Indonesia,IDN,2005,230871650,285868619196.085,3.60202476259646,Southeast Asia,1238.214476
Indonesia,IDN,2006,233951652,364570515618.357,4.76481313366657,Southeast Asia,1558.315628
Indonesia,IDN,2007,237062337,432216737774.861,5.78627472934199,Southeast Asia,1823.219763
Indonesia,IDN,2008,240157903,510228634992.258,7.917500019,Southeast Asia,2124.554839
Indonesia,IDN,2009,243220028,539580085612.401,6.92,Southeast Asia,2218.485419
Indonesia,IDN,2010,246305322,755094157621.936,10.92,Southeast Asia,3065.683484
Indonesia,IDN,2011,249470032,892969104563.171,12.28,Southeast Asia,3579.464425
Indonesia,IDN,2012,252698525,917869913332.649,14.52,Southeast Asia,3632.27254
Indonesia,IDN,2013,255852467,912524136718.018,14.94,Southeast Asia,3566.602845
Indonesia,IDN,2014,258877399,890814755533.537,17.1431598350566,Southeast Asia,3441.068085
Indonesia,IDN,2015,261799249,860854232686.214,22.062742603379,Southeast Asia,3288.222697
Indonesia,IDN,2016,264627418,931877364037.698,25.447353701827,Southeast Asia,3521.469435
Indonesia,IDN,2017,267346658,1015618744159.73,32.335806250688,Southeast Asia,3798.883262
Indonesia,IDN,2018,269951846,1042271532988.63,39.9046386385762,Southeast Asia,3860.953531
Indonesia,IDN,2019,272489381,1119099871350.2,47.6906489788375,Southeast Asia,4106.948562
Indonesia,IDN,2020,274814866,1059054842698.48,53.72649449,Southeast Asia,3853.702888
Indonesia,IDN,2021,276758053,1186509691086.73,62.10447842,Southeast Asia,4287.17314
Indonesia,IDN,2022,278830529,1319101183380.15,66.48461277,Southeast Asia,4730.834848
Indonesia,IDN,2023,281190067,1371169301563.62,69.20836554,Southeast Asia,4876.307745
Indonesia,IDN,2024,283487931,1396300098190.97,72.78075544,Southeast Asia,4925.430488
Indonesia,IDN,2025,190043744,128026966579.964,0,Southeast Asia,673.6710395
Japan,JPN,1960,93216000,47419238274.4619,0.0967,East Asia,508.7027793
Japan,JPN,1961,94055000,57266758179.5883,0.401,East Asia,608.8645811
Japan,JPN,1962,94933000,64987857541.6256,0.0203,East Asia,684.5655098
Japan,JPN,1963,95900000,74379284603.3875,0.0203,East Asia,775.5921231
Japan,JPN,1964,96903000,87490590817.9803,0.0203,East Asia,902.8677215
Japan,JPN,1965,97952000,97338107605.8236,0.0203,East Asia,993.7327222
Japan,JPN,1966,98851000,113046784179.289,0.0203,East Asia,1143.607897
Japan,JPN,1967,99879000,132475614226.519,0.0203,East Asia,1326.361039
Japan,JPN,1968,101011000,156897496759.128,0.0203,East Asia,1553.271394
Japan,JPN,1969,102219000,184298841304.667,0.0203,East Asia,1802.980281
Japan,JPN,1970,103403000,217223652719.444,0.0203,East Asia,2100.74807
Japan,JPN,1971,105697000,245364056622.363,0.0203,East Asia,2321.390925
Japan,JPN,1972,107188000,324933841268.585,0.0203,East Asia,3031.438606
Japan,JPN,1973,108707000,441460582535.921,0.0203,East Asia,4061.01339
Japan,JPN,1974,110162000,490035789970.299,0.0203,East Asia,4448.319656
Japan,JPN,1975,111573000,532861438884.724,0.0203,East Asia,4775.899536
Japan,JPN,1976,112775000,598883902155.605,0.0203,East Asia,5310.431409
Japan,JPN,1977,113872000,737069290927.712,0.0203,East Asia,6472.787787
Japan,JPN,1978,114913000,1035611588216.59,0.0203,East Asia,9012.136035
Japan,JPN,1979,115890000,1077910077676.37,0.0203,East Asia,9301.14831
Japan,JPN,1980,116807000,1129377244854.04,0.0203,East Asia,9668.746264
Japan,JPN,1981,117661000,1245221410764.15,0.0203,East Asia,10583.12789
Japan,JPN,1982,118480000,1158731426905.85,0.0203,East Asia,9779.974906
Japan,JPN,1983,119307000,1270859919742.9,0.0203,East Asia,10652.01472
Japan,JPN,1984,120083000,1345824500836.76,0.0203,East Asia,11207.45235
Japan,JPN,1985,120837000,1427019759717.41,0.0203,East Asia,11809.46035
Japan,JPN,1986,121482000,2120083812109.91,0.0203,East Asia,17451.83494
Japan,JPN,1987,122069000,2580748422781.09,0.0203,East Asia,21141.7184
Japan,JPN,1988,122578000,3125724434400.79,0.0203,East Asia,25499.88117
Japan,JPN,1989,123069000,3109455047823.93,0.0203,East Asia,25265.94876
Japan,JPN,1990,123478000,3185904656663.85,0.0203,East Asia,25801.39504
Japan,JPN,1991,123964000,3648065760648.88,0.0404,East Asia,29428.4289
Japan,JPN,1992,124425000,3980702922117.66,0.0967,East Asia,31992.79021
Japan,JPN,1993,124829000,4536940479038.25,0.401,East Asia,36345.24413
Japan,JPN,1994,125178000,4998797547740.97,0.8,East Asia,39933.51506
Japan,JPN,1995,125472000,5545563663889.7,1.59,East Asia,44197.6191
Japan,JPN,1996,125757000,4923391533851.63,4.37,East Asia,39150.03963
Japan,JPN,1997,126057000,4492448605638.94,9.16,East Asia,35638.23196
Japan,JPN,1998,126400000,4098362709531.24,13.4,East Asia,32423.75561
Japan,JPN,1999,126631000,4635982224063.88,21.4,East Asia,36610.16832
Japan,JPN,2000,126843000,4968359075956.59,29.9907403589142,East Asia,39169.35957
Japan,JPN,2001,127149000,4374711694090.87,38.5320608612719,East Asia,34406.18246
Japan,JPN,2002,127445000,4182846045873.61,46.5942011179917,East Asia,32820.79364
Japan,JPN,2003,127718000,4519561645253.53,48.4352658899653,East Asia,35387.03742
Japan,JPN,2004,127761000,4893116005656.56,62.3939296327259,East Asia,38298.98017
Japan,JPN,2005,127773000,4831467035389.8,66.9210661042901,East Asia,37812.89502
Japan,JPN,2006,127854000,4601663122649.92,68.6852703213795,East Asia,35991.546
Japan,JPN,2007,128001000,4579750920354.81,74.3,East Asia,35779.02454
Japan,JPN,2008,128063000,5106679115127.3,75.4,East Asia,39876.30397
Japan,JPN,2009,128047000,5289493117993.89,78,East Asia,41308.99684
Japan,JPN,2010,128070000,5759071769013.11,78.21,East Asia,44968.15623
Japan,JPN,2011,127833000,6233147172341.35,79.0541135244739,East Asia,48760.07895
Japan,JPN,2012,127629000,6272362996105.03,79.4964,East Asia,49145.28043
Japan,JPN,2013,127445000,5212328181166.18,88.219428911,East Asia,40898.6479
Japan,JPN,2014,127276000,4896994405353.29,89.1068330166075,East Asia,38475.39525
Japan,JPN,2015,127141000,4444930651964.18,91.0580283929962,East Asia,34960.63938
Japan,JPN,2016,127076000,5003677627544.24,93.1827212821617,East Asia,39375.47316
Japan,JPN,2017,126972000,4930837369151.42,91.7265472366635,East Asia,38834.05293
Japan,JPN,2018,126811000,5040880939324.86,88.7463508901772,East Asia,39751.1331
Japan,JPN,2019,126633000,5117993853016.51,92.7303978145525,East Asia,40415.95676
Japan,JPN,2020,126261000,5054068005376.28,90.21945812,East Asia,40028.73417
Japan,JPN,2021,125681593,5039148168861.22,82.91407928,East Asia,40094.55998
Japan,JPN,2022,125124989,4262463317796.53,84.92343147,East Asia,34065.6439
Japan,JPN,2023,124516650,4213167237905.83,85.00990295,East Asia,33836.17563
Japan,JPN,2024,123975371,4027597523550.58,85.54153081,East Asia,32487.0778
Japan,JPN,2025,125472000,5545563663889.7,1.59,East Asia,44197.6191
Nepal,NPL,1960,10123658,508334413.965087,0,South Asia,50.21252337
Nepal,NPL,1961,10318396,531959561.62226,0.000925,South Asia,51.55448207
Nepal,NPL,1962,10521116,574091101.194382,0.000925,South Asia,54.56560893
Nepal,NPL,1963,10729818,496947904.443033,0,South Asia,46.31466297
Nepal,NPL,1964,10946392,496098775.308642,0,South Asia,45.32075732
Nepal,NPL,1965,11173411,735267082.294264,0,South Asia,65.80506904
Nepal,NPL,1966,11408710,906811943.824649,0,South Asia,79.48417865
Nepal,NPL,1967,11652716,841974025.462659,0,South Asia,72.25560337
Nepal,NPL,1968,11906266,772231386.914829,0,South Asia,64.85924192
Nepal,NPL,1969,12167036,788641965.432099,0,South Asia,64.81791995
Nepal,NPL,1970,12436190,865975308.641975,0,South Asia,69.63348973
Nepal,NPL,1971,12710061,882765471.604938,0,South Asia,69.45407041
Nepal,NPL,1972,12989099,1024098400.35619,0,South Asia,78.84291284
Nepal,NPL,1973,13275239,972101724.995368,0,South Asia,73.22668353
Nepal,NPL,1974,13568435,1217953546.97604,0,South Asia,89.76374556
Nepal,NPL,1975,13870695,1575789254.46938,0,South Asia,113.6056452
Nepal,NPL,1976,14177649,1452788984.86265,0,South Asia,102.4703733
Nepal,NPL,1977,14499175,1382400000,0,South Asia,95.34335574
Nepal,NPL,1978,14839695,1604162497.45945,0,South Asia,108.0994251
Nepal,NPL,1979,15190590,1851250008.33333,0,South Asia,121.8682097
Nepal,NPL,1980,15553105,1945916583.33333,0,South Asia,125.1143475
Nepal,NPL,1981,15922423,2275583316.66667,0,South Asia,142.9168988
Nepal,NPL,1982,16297987,2395423741.79762,0,South Asia,146.9766629
Nepal,NPL,1983,16689119,2447174803.37791,0,South Asia,146.6329531
Nepal,NPL,1984,17085242,2581207387.79709,0,South Asia,151.0781871
Nepal,NPL,1985,17477692,2619913955.51556,0,South Asia,149.9004534
Nepal,NPL,1986,17868124,2850782044.04306,0,South Asia,159.5456828
Nepal,NPL,1987,18250505,2957255379.54315,0,South Asia,162.0369069
Nepal,NPL,1988,18638661,3487009748.35638,0,South Asia,187.0847776
Nepal,NPL,1989,19057807,3525225786.58691,0,South Asia,184.9754165
Nepal,NPL,1990,19524573,3627560239.48997,0,South Asia,185.7946004
Nepal,NPL,1991,20036500,3921476084.89072,0,South Asia,195.7166214
Nepal,NPL,1992,20609707,3401211581.29176,0,South Asia,165.0295941
Nepal,NPL,1993,21180159,3660041666.66667,0,South Asia,172.8052026
Nepal,NPL,1994,21717479,4066775510.20408,0,South Asia,187.2581762
Nepal,NPL,1995,22245439,4401104417.67068,0.000925,South Asia,197.8430013
Nepal,NPL,1996,22741862,4521580381.47139,0.00451,South Asia,198.8219074
Nepal,NPL,1997,23219463,4918691916.53516,0.022,South Asia,211.8348696
Nepal,NPL,1998,23680357,4856255044.39064,0.0644,South Asia,205.0752463
Nepal,NPL,1999,24125199,5033642384.10596,0.147,South Asia,208.6466679
Nepal,NPL,2000,24546509,5494252207.90502,0.204651683653029,South Asia,223.8302892
Nepal,NPL,2001,24946748,6007055042.17687,0.240015303375743,South Asia,240.7951145
Nepal,NPL,2002,25328981,6050875806.66403,0.312956060108532,South Asia,238.891403
Nepal,NPL,2003,25688758,6330473096.54071,0.382810917017044,South Asia,246.4297066
Nepal,NPL,2004,26016656,7273938314.71988,0.449843651215974,South Asia,279.58775
Nepal,NPL,2005,26309458,8130258377.90964,0.82655126590551,South Asia,309.0241683
Nepal,NPL,2006,26565425,9043715355.8881,1.14138916388191,South Asia,340.4317964
Nepal,NPL,2007,26788492,10325618017.379,1.41,South Asia,385.4497677
Nepal,NPL,2008,26990037,12545438605.3959,1.73,South Asia,464.8173919
Nepal,NPL,2009,27173035,12854985464.0764,1.97,South Asia,473.0787512
Nepal,NPL,2010,27341952,16002656434.4746,7.93,South Asia,585.278492
Nepal,NPL,2011,27464494,21573872420.7008,9,South Asia,785.5186562
Nepal,NPL,2012,27534915,21703100877.1309,11.14929962,South Asia,788.2029371
Nepal,NPL,2013,27589996,22162204924.5726,13.30000019,South Asia,803.2695954
Nepal,NPL,2014,27672370,22731612922.1906,15.43999958,South Asia,821.4552249
Nepal,NPL,2015,27823629,24360801286.7638,17.58160019,South Asia,875.5436355
Nepal,NPL,2016,27955462,24524109483.5293,20.70000076,South Asia,877.2564547
Nepal,NPL,2017,28011258,28971588940.364,24.3,South Asia,1034.283749
Nepal,NPL,2018,28079689,33111525237.149,28.60000038,South Asia,1179.198432
Nepal,NPL,2019,28414064,34186180699.0255,33.33660126,South Asia,1203.142947
Nepal,NPL,2020,28966574,33433659301.2466,36.96530151,South Asia,1154.215176
Nepal,NPL,2021,29475010,36924841394.2605,40.98910141,South Asia,1252.750767
Nepal,NPL,2022,29715436,41182939600.6209,45.45080185,South Asia,1385.910663
Nepal,NPL,2023,29694614,41047772331.0994,45.80680084,South Asia,1382.330558
Nepal,NPL,2024,29651054,42914268286.7109,46.32189941,South Asia,1447.310045
Nepal,NPL,2025,84897973,73745821158.2254,0,South Asia,868.6405405
Nigeria,NGA,1960,45053782,4196174501.5302,54.59,Africa,93.13700904
Nigeria,NGA,1961,45989310,4467287893.08484,0,Africa,97.13752811
Nigeria,NGA,1962,46965292,4909399176.24033,13.80000019,Africa,104.5324955
Nigeria,NGA,1963,47973575,5165590253.7639,13.80000019,Africa,107.6757414
Nigeria,NGA,1964,49012016,5552931318.82747,13.80000019,Africa,113.2973457
Nigeria,NGA,1965,50086764,5874537650.18494,13.80000019,Africa,117.2872268
Nigeria,NGA,1966,51188234,6366917453.23302,13.80000019,Africa,124.3824402
Nigeria,NGA,1967,52293065,5203237918.70483,13.80000019,Africa,99.5014907
Nigeria,NGA,1968,53432783,5200997919.60083,13.80000019,Africa,97.33720813
Nigeria,NGA,1969,54631914,6634317346.27306,13.80000019,Africa,121.4366633
Nigeria,NGA,1970,55893838,12546094981.562,13.80000019,Africa,224.462936
Nigeria,NGA,1971,57214684,9181769911.50443,13.80000019,Africa,160.4792558
Nigeria,NGA,1972,58601748,12274416017.7976,13.80000019,Africa,209.4547763
Nigeria,NGA,1973,60082139,15162871287.1287,13.80000019,Africa,252.3690325
Nigeria,NGA,1974,61679144,24846641318.1242,13.80000019,Africa,402.8369998
Nigeria,NGA,1975,63410815,27778934624.6973,13.80000019,Africa,438.0788139
Nigeria,NGA,1976,65258009,36308883248.731,13.80000019,Africa,556.3896877
Nigeria,NGA,1977,67234590,36035407725.3219,13.80000019,Africa,535.9653078
Nigeria,NGA,1978,69326532,36527862208.7133,13.80000019,Africa,526.8958529
Nigeria,NGA,1979,71498242,47259911894.2731,0,Africa,660.9940409
Nigeria,NGA,1980,73764641,64201788122.6054,0,Africa,870.3599347
Nigeria,NGA,1981,76068103,164475209515.939,0,Africa,2162.209954
Nigeria,NGA,1982,78378701,142769363314.176,0,Africa,1821.532655
Nigeria,NGA,1983,80438260,97094911792.0489,0,Africa,1207.073746
Nigeria,NGA,1984,82526443,73484359521.4887,0,Africa,890.4341063
Nigeria,NGA,1985,84897973,73745821158.2254,0,Africa,868.6405405
Nigeria,NGA,1986,87235953,54805852580.9129,0,Africa,628.2484537
Nigeria,NGA,1987,89591716,52676041931.1087,0,Africa,587.9566134
Nigeria,NGA,1988,92020090,49648470440.4593,0,Africa,539.5394684
Nigeria,NGA,1989,94531014,44003061108.4005,0,Africa,465.4880895
Nigeria,NGA,1990,97120925,54035795387.8086,0,Africa,556.3764491
Nigeria,NGA,1991,99720162,59526833412.3581,13.80000019,Africa,596.9387957
Nigeria,NGA,1992,102372770,52058181853.8055,13.80000019,Africa,508.5159057
Nigeria,NGA,1993,105122069,56721051402.4732,13.80000019,Africa,539.5732023
Nigeria,NGA,1994,107935714,80399613063.6364,13.80000019,Africa,744.8842472
Nigeria,NGA,1995,110819428,140919776986.364,13.80000019,Africa,1271.616174
Nigeria,NGA,1996,113754779,185730236700,0.00883,Africa,1632.724694
Nigeria,NGA,1997,116754792,200850397618.182,0.0172,Africa,1720.275409
Nigeria,NGA,1998,119846254,218416200672.727,0.0252,Africa,1822.469985
Nigeria,NGA,1999,123047320,59145077039.1437,0.041,Africa,480.6693639
Nigeria,NGA,2000,126382494,69171451627.2465,0.0640808079494101,Africa,547.3182989
Nigeria,NGA,2001,129862595,73557840064.489,0.089901370457273,Africa,566.4282318
Nigeria,NGA,2002,133471989,95054059302.6995,0.320461975542327,Africa,712.1648521
Nigeria,NGA,2003,137202644,104738954264.226,0.558576244860521,Africa,763.3887454
Nigeria,NGA,2004,141057045,135764731645.611,1.28613764134527,Africa,962.4810419
Nigeria,NGA,2005,145017253,175670569969.346,3.54915571796492,Africa,1211.377035
Nigeria,NGA,2006,149077334,238454997161.48,5.54503608300536,Africa,1599.538916
Nigeria,NGA,2007,153267261,278260846800.103,6.769999981,Africa,1815.526975
Nigeria,NGA,2008,157595014,339476276257.793,8,Africa,2154.105435
Nigeria,NGA,2009,162049464,295008835380.997,9.300000191,Africa,1820.486339
Nigeria,NGA,2010,166642886,366990417129.04,11.5,Africa,2202.25673
Nigeria,NGA,2011,171379598,414466676831.16,13.80000019,Africa,2418.41317
Nigeria,NGA,2012,176200625,463971018239.281,16.10000038,Africa,2633.197347
Nigeria,NGA,2013,181049443,520117180313.906,19.10000038,Africa,2872.790834
Nigeria,NGA,2014,185896915,574183763411.508,21,Africa,3088.721313
Nigeria,NGA,2015,190671878,493026682800.63,22.51420021,Africa,2585.733607
Nigeria,NGA,2016,195443700,404649125252.16,24.13750076,Africa,2070.412734
Nigeria,NGA,2017,200254579,375745731053.427,25.87789917,Africa,1876.340271
Nigeria,NGA,2018,204938755,421739251509.08,27.74370003,Africa,2057.879446
Nigeria,NGA,2019,209485641,668219992691.462,29.74410057,Africa,3189.812865
Nigeria,NGA,2020,213996181,598586817819.073,31.88879967,Africa,2797.184581
Nigeria,NGA,2021,218529286,609147716972.859,35.50979996,Africa,2787.487792
Nigeria,NGA,2022,223150896,646950257577.814,39.14720154,Africa,2899.160475
Nigeria,NGA,2023,227882945,487387801880.597,40.06399918,Africa,2138.763837
Nigeria,NGA,2024,232679478,252261880141.151,41.21139908,Africa,1084.160418
Nigeria,NGA,2025,232679478,252261880141.151,41.21139908,Africa,1084.160418
Pakistan,PAK,1960,45709310,3749265014.69971,0.000925,South Asia,82.02410001
Pakistan,PAK,1961,46921277,4118647627.04746,0.000925,South Asia,87.7778247
Pakistan,PAK,1962,48156128,4310163796.72407,7.5,South Asia,89.50395258
Pakistan,PAK,1963,49447776,4630827383.45233,7.5,South Asia,93.65087286
Pakistan,PAK,1964,50799999,5204955900.88198,7.5,South Asia,102.4597638
Pakistan,PAK,1965,52209010,5929231415.37169,7.5,South Asia,113.5672064
Pakistan,PAK,1966,53678667,6561108777.82444,7.5,South Asia,122.2293538
Pakistan,PAK,1967,55214768,7464510709.7858,7.5,South Asia,135.1904749
Pakistan,PAK,1968,56810507,8041999160.0168,7.5,South Asia,141.5583065
Pakistan,PAK,1969,58460939,8683116337.67325,7.5,South Asia,148.528513
Pakistan,PAK,1970,60166719,10027509449.811,7.5,South Asia,166.662062
Pakistan,PAK,1971,61847899,10665896682.0664,7.5,South Asia,172.4536622
Pakistan,PAK,1972,63583194,9415016359.56604,7.5,South Asia,148.0739763
Pakistan,PAK,1973,65461912,6383429490.21091,7.5,South Asia,97.51364259
Pakistan,PAK,1974,67415487,8899191919.19192,7.5,South Asia,132.0051566
Pakistan,PAK,1975,69461175,11230606060.6061,7.5,South Asia,161.6817749
Pakistan,PAK,1976,71620254,13168080808.0808,7.5,South Asia,183.8597334
Pakistan,PAK,1977,73901827,15126060606.0606,57.253,South Asia,204.6777626
Pakistan,PAK,1978,76307379,17811515151.5152,57.253,South Asia,233.4179916
Pakistan,PAK,1979,78997039,19688383838.3838,57.253,South Asia,249.22939
Pakistan,PAK,1980,82291010,23654444444.4444,57.253,South Asia,287.4487073
Pakistan,PAK,1981,85802049,28100606060.6061,57.253,South Asia,327.50507
Pakistan,PAK,1982,89089246,30725971563.981,57.253,South Asia,344.8897925
Pakistan,PAK,1983,92227711,28691889763.7795,57.253,South Asia,311.0983614
Pakistan,PAK,1984,95164936,31151825467.4978,57.253,South Asia,327.3456252
Pakistan,PAK,1985,98229285,31144920844.3272,57.253,South Asia,317.0634994
Pakistan,PAK,1986,101606764,31899070055.7967,57.253,South Asia,313.946324
Pakistan,PAK,1987,105130717,33351529274.6869,57.253,South Asia,317.2386742
Pakistan,PAK,1988,108724739,38472742808.3167,57.253,South Asia,353.8545428
Pakistan,PAK,1989,112336629,40171106279.0078,57.253,South Asia,357.5957961
Pakistan,PAK,1990,116155576,40010423970.4576,0,South Asia,344.4554738
Pakistan,PAK,1991,120060406,45625336680.2047,0,South Asia,380.0198433
Pakistan,PAK,1992,123546848,48884671947.4657,7.5,South Asia,395.6772086
Pakistan,PAK,1993,127020117,51809999353.1614,0.000925,South Asia,407.8881407
Pakistan,PAK,1994,130748083,52293470813.1336,6.800000191,South Asia,399.9559276
Pakistan,PAK,1995,134582253,60636071684.1918,0.000123,South Asia,450.5502793
Pakistan,PAK,1996,138557092,63320170084.4076,0.00299,South Asia,456.9969618
Pakistan,PAK,1997,142531804,62433340468.0228,0.0275,South Asia,438.0309427
Pakistan,PAK,1998,146522356,62191955814.3478,0.0439,South Asia,424.4536978
Pakistan,PAK,1999,150565377,62973857068.5113,0.0554,South Asia,418.2492571
Pakistan,PAK,2000,154879127,99484802344.5277,0.0554,South Asia,642.3383465
Pakistan,PAK,2001,159270907,97145618479.9038,1.31855077925626,South Asia,609.9395069
Pakistan,PAK,2002,163222549,97923302809.3537,2.57742673683831,South Asia,599.9373457
Pakistan,PAK,2003,167110248,112371913740.823,5.04115812592502,South Asia,672.4417867
Pakistan,PAK,2004,171286000,132216048339.413,6.16432098534156,South Asia,771.9022473
Pakistan,PAK,2005,175453212,145208562960.767,6.332300186,South Asia,827.6198612
Pakistan,PAK,2006,179682690,161871385506.36,6.5,South Asia,900.873565
Pakistan,PAK,2007,184493231,184140869997.46,6.800000191,South Asia,998.0901142
Pakistan,PAK,2008,189499113,202203748583.854,7,South Asia,1067.043246
Pakistan,PAK,2009,194376534,187337783856.466,7.5,South Asia,963.7880664
Pakistan,PAK,2010,199239047,196709621849.586,8,South Asia,987.3045711
Pakistan,PAK,2011,203746065,230586581059.665,8,South Asia,1131.735138
Pakistan,PAK,2012,207667125,250106966104.704,8.100000381,South Asia,1204.364755
Pakistan,PAK,2013,211073978,258657231672.412,9,South Asia,1225.434012
Pakistan,PAK,2014,214264647,271390474857.632,10,South Asia,1266.613408
Pakistan,PAK,2015,217290883,299963590534.773,11,South Asia,1380.470208
Pakistan,PAK,2016,220138869,313630000130.435,12.385446763381,South Asia,1424.691612
Pakistan,PAK,2017,223273967,339205534861.1,13.77999973,South Asia,1519.234595
Pakistan,PAK,2018,226928892,356128166704.921,15.34000015,South Asia,1569.338146
Pakistan,PAK,2019,230800899,320909472770.669,17.070901719916,South Asia,1390.41691
Pakistan,PAK,2020,235001746,300425609817.981,18.935,South Asia,1278.397352
Pakistan,PAK,2021,239477801,348516647445.148,18.935,South Asia,1455.319224
Pakistan,PAK,2022,243700667,374890295666.694,18.935,South Asia,1538.322813
Pakistan,PAK,2023,247504495,336686348609.266,7.5,South Asia,1360.324178
Pakistan,PAK,2024,251269164,371570000121.266,57.253,South Asia,1478.77278
Pakistan,PAK,2025,45709310,3749265014.69971,0.000925,South Asia,82.02410001
Sri Lanka,LKA,1960,9661389,1409873949.57983,0.00277,South Asia,145.9287013
Sri Lanka,LKA,1961,9899372,1444327731.09244,46.5942011179917,South Asia,145.9009451
Sri Lanka,LKA,1962,10143754,1434156378.60082,46.5942011179917,South Asia,141.3831978
Sri Lanka,LKA,1963,10395040,1240672268.90756,46.5942011179917,South Asia,119.3523324
Sri Lanka,LKA,1964,10653397,1309747899.15966,46.5942011179917,South Asia,122.941809
Sri Lanka,LKA,1965,10916965,1698319327.73109,46.5942011179917,South Asia,155.5669848
Sri Lanka,LKA,1966,11183928,1751470588.23529,46.5942011179917,South Asia,156.6060322
Sri Lanka,LKA,1967,11457328,1859465020.57613,46.5942011179917,South Asia,162.2948231
Sri Lanka,LKA,1968,11736088,1801344537.81513,46.5942011179917,South Asia,153.4876475
Sri Lanka,LKA,1969,12013858,1965546218.48739,46.5942011179917,South Asia,163.6065799
Sri Lanka,LKA,1970,12287110,2296470588.23529,46.5942011179917,South Asia,186.9007918
Sri Lanka,LKA,1971,12551910,2369308600.33727,46.5942011179917,South Asia,188.7608022
Sri Lanka,LKA,1972,12809205,2553936348.40871,46.5942011179917,South Asia,199.3828929
Sri Lanka,LKA,1973,13060916,2875625000,46.5942011179917,South Asia,220.1702392
Sri Lanka,LKA,1974,13305693,3574586466.16541,46.5942011179917,South Asia,268.650905
Sri Lanka,LKA,1975,13548984,3791298145.50642,0,South Asia,279.8215826
Sri Lanka,LKA,1976,13796770,3591319857.31272,46.5942011179917,South Asia,260.301495
Sri Lanka,LKA,1977,14049371,4104509582.86359,46.5942011179917,South Asia,292.1489925
Sri Lanka,LKA,1978,14310128,2733183856.50224,46.5942011179917,South Asia,190.9964646
Sri Lanka,LKA,1979,14579614,3364611432.24149,46.5942011179917,South Asia,230.7750694
Sri Lanka,LKA,1980,14847974,4024621899.57653,46.5942011179917,South Asia,271.0552901
Sri Lanka,LKA,1981,15099414,4415844155.84416,46.5942011179917,South Asia,292.4513598
Sri Lanka,LKA,1982,15286567,4768765016.81884,46.5942011179917,South Asia,311.9578789
Sri Lanka,LKA,1983,15388794,5167913302.16745,46.5942011179917,South Asia,335.8231517
Sri Lanka,LKA,1984,15441860,6043474842.76729,46.5942011179917,South Asia,391.3696176
Sri Lanka,LKA,1985,15544154,5978460972.01767,46.5942011179917,South Asia,384.6115377
Sri Lanka,LKA,1986,15731256,6405210563.88294,46.5942011179917,South Asia,407.1646005
Sri Lanka,LKA,1987,15916576,6682167119.56522,46.5942011179917,South Asia,419.8244094
Sri Lanka,LKA,1988,16078621,6978371581.26375,46.5942011179917,South Asia,434.0155528
Sri Lanka,LKA,1989,16248557,6987267683.77254,46.5942011179917,South Asia,430.0238897
Sri Lanka,LKA,1990,16352458,8032551173.24014,0,South Asia,491.2136862
Sri Lanka,LKA,1991,16475354,9000362581.58086,0,South Asia,546.2925156
Sri Lanka,LKA,1992,16739284,9703011635.86585,0.00548,South Asia,579.6551176
Sri Lanka,LKA,1993,17025918,10338679635.7616,0.00548,South Asia,607.2318471
Sri Lanka,LKA,1994,17275773,11717604208.8223,0.00277,South Asia,678.268012
Sri Lanka,LKA,1995,17564068,13029697560.9756,0.00548,South Asia,741.8382553
Sri Lanka,LKA,1996,17905018,13897738375.2488,0.0545,South Asia,776.1923711
Sri Lanka,LKA,1997,18248200,15091913883.7091,0.162,South Asia,827.0357561
Sri Lanka,LKA,1998,18596003,15760736956.1852,0.296,South Asia,847.5335778
Sri Lanka,LKA,1999,18944731,15711933513.2831,0.348,South Asia,829.3563795
Sri Lanka,LKA,2000,19293054,16595882818.6857,0.647410010940963,South Asia,860.1998843
Sri Lanka,LKA,2001,19600362,15749753804.8344,0.793821864362622,South Asia,803.5440266
Sri Lanka,LKA,2002,19805752,16536535647.0834,1.05042270585318,South Asia,834.9360149
Sri Lanka,LKA,2003,19951521,18881765437.2151,1.45858022842408,South Asia,946.3822551
Sri Lanka,LKA,2004,20087605,20662525941.2985,1.44615998041486,South Asia,1028.620681
Sri Lanka,LKA,2005,20216524,24405791044.7761,1.792000055,South Asia,1207.219948
Sri Lanka,LKA,2006,20352411,28267410542.5164,2.53756612897332,South Asia,1388.897391
Sri Lanka,LKA,2007,20492545,32350238760.4239,3.88,South Asia,1578.634511
Sri Lanka,LKA,2008,20629378,40713826215.0093,4.824500084,South Asia,1973.584769
Sri Lanka,LKA,2009,20756435,42066224093.0065,5.868500233,South Asia,2026.6594
Sri Lanka,LKA,2010,20879089,58636049434.1871,6.912399769,South Asia,2808.362445
Sri Lanka,LKA,2011,21009048,67753285896.6254,7.956399918,South Asia,3224.957452
Sri Lanka,LKA,2012,21169458,70447217163.7784,9.00039959,South Asia,3327.776137
Sri Lanka,LKA,2013,20585000,76976203829.4765,10.04440022,South Asia,3739.431811
Sri Lanka,LKA,2014,20778000,82531125190.5224,10.5000026214106,South Asia,3972.043757
Sri Lanka,LKA,2015,20970000,85090301052.0465,15.26249981,South Asia,4057.715835
Sri Lanka,LKA,2016,21209000,88000211171.5956,22.19,South Asia,4149.191908
Sri Lanka,LKA,2017,21453000,94369350285.5814,25.07550049,South Asia,4398.888281
Sri Lanka,LKA,2018,21670000,94450015982.8405,28.33620071,South Asia,4358.560959
Sri Lanka,LKA,2019,21803000,88998706296.5783,32.02090073,South Asia,4081.947727
Sri Lanka,LKA,2020,21919000,84335574581.5072,36.18473435,South Asia,3847.601377
Sri Lanka,LKA,2021,22156000,88556698937.7033,44.45308724,South Asia,3996.9624
Sri Lanka,LKA,2022,22181000,74143020262.8076,48.3,South Asia,3342.636503
Sri Lanka,LKA,2023,22037000,83716142582.1945,51.2,South Asia,3798.890166
Sri Lanka,LKA,2024,21916000,98963185509.6499,54.59,South Asia,4515.567873
Sri Lanka,LKA,2025,16739284,9703011635.86585,0.00548,South Asia,579.6551176
Turkiye,TUR,1960,28329898,7566666666.66667,15.46,Other,267.0912076
Turkiye,TUR,1961,29119238,7988888888.88889,0,Other,274.3508909
Turkiye,TUR,1962,29916147,8922222222.22222,0,Other,298.2410209
Turkiye,TUR,1963,30726841,10355555555.5556,0,Other,337.0198569
Turkiye,TUR,1964,31543072,11177777777.7778,0,Other,354.3655411
Turkiye,TUR,1965,32345220,11966666666.6667,0,Other,369.9670822
Turkiye,TUR,1966,33177672,14100000000,0,Other,424.9846101
Turkiye,TUR,1967,34050421,15644444444.4444,0,Other,459.4493691
Turkiye,TUR,1968,34921684,17500000000,0,Other,501.121309
Turkiye,TUR,1969,35787774,19466666666.6667,0,Other,543.9474013
Turkiye,TUR,1970,36638465,17863636363.6364,0,Other,487.5650867
Turkiye,TUR,1971,37518611,16166666666.6667,0,Other,430.8972597
Turkiye,TUR,1972,38430221,20650000000,0,Other,537.3375292
Turkiye,TUR,1973,39329533,26000000000,0,Other,661.0808219
Turkiye,TUR,1974,40210234,35414285714.2857,0,Other,880.7281677
Turkiye,TUR,1975,41053126,46042857142.8571,0,Other,1121.543269
Turkiye,TUR,1976,41899984,51450000000,0,Other,1227.924097
Turkiye,TUR,1977,42773298,58683333333.3333,0,Other,1371.961857
Turkiye,TUR,1978,43645306,65912500000,0,Other,1510.185311
Turkiye,TUR,1979,44510429,89616129032.2581,0,Other,2013.373743
Turkiye,TUR,1980,45408815,68823684210.5263,0,Other,1515.645899
Turkiye,TUR,1981,46321190,71180180180.1802,0,Other,1536.665621
Turkiye,TUR,1982,47322096,64369325153.3742,0,Other,1360.238252
Turkiye,TUR,1983,48447410,61803555555.5556,0,Other,1275.683376
Turkiye,TUR,1984,49574069,59937602179.8365,0,Other,1209.051494
Turkiye,TUR,1985,50687115,67232758620.6897,0,Other,1326.427014
Turkiye,TUR,1986,51777772,75673037037.037,0,Other,1461.496587
Turkiye,TUR,1987,52843670,87190081680.28,0,Other,1649.962648
Turkiye,TUR,1988,53909626,90875175808.7201,0,Other,1685.694792
Turkiye,TUR,1989,54976723,107127191328.935,0,Other,1948.591795
Turkiye,TUR,1990,56015628,150655500191.644,0,Other,2689.526219
Turkiye,TUR,1991,57009887,151034731543.624,89.77024003,Other,2649.2726
Turkiye,TUR,1992,57990118,159104772991.851,89.77024003,Other,2743.653203
Turkiye,TUR,1993,58999167,180415757851.616,0.00846,Other,3057.937375
Turkiye,TUR,1994,60033836,130650447499.071,0.0499,Other,2176.280181
Turkiye,TUR,1995,61024503,234699627004.035,0.0817,Other,3845.989979
Turkiye,TUR,1996,61951134,250366965174.129,0.193,Other,4041.362103
Turkiye,TUR,1997,62852966,263817553748.395,0.474,Other,4197.376362
Turkiye,TUR,1998,63734383,276035372654.608,0.699,Other,4331.027613
Turkiye,TUR,1999,64591923,256673939247.773,2.29,Other,3973.777639
Turkiye,TUR,2000,65425961,274748463178.502,3.761685035075,Other,4199.379864
Turkiye,TUR,2001,66245128,202195080239.036,5.18948146078506,Other,3052.225671
Turkiye,TUR,2002,67048795,240778008473.845,11.38,Other,3591.08629
Turkiye,TUR,2003,67831730,315392899922.379,12.33,Other,4649.636681
Turkiye,TUR,2004,68592617,410156784495.948,14.58,Other,5979.605422
Turkiye,TUR,2005,69329557,508314210212.544,15.46,Other,7331.854294
Turkiye,TUR,2006,70045349,559668118237.002,18.24,Other,7990.082514
Turkiye,TUR,2007,70158112,685228481017.03,28.63,Other,9766.917345
Turkiye,TUR,2008,71051678,775415944332.866,34.37,Other,10913.4079
Turkiye,TUR,2009,72039206,653894449921.288,36.4,Other,9076.924722
Turkiye,TUR,2010,73142150,782545664268.333,39.82,Other,10698.96994
Turkiye,TUR,2011,74223629,844192507380.795,43.065710430925,Other,11373.63558
Turkiye,TUR,2012,75175827,885327622479.052,45.13,Other,11776.75934
Turkiye,TUR,2013,76147624,962167643588.925,46.25,Other,12635.557
Turkiye,TUR,2014,77181884,942343431928.654,51.0373665521645,Other,12209.38623
Turkiye,TUR,2015,78218479,865460050683.656,53.7449791423583,Other,11064.64945
Turkiye,TUR,2016,79277962,870818016909.84,58.3477340145685,Other,10984.36432
Turkiye,TUR,2017,80312698,863874522365.276,64.6846176835371,Other,10756.38777
Turkiye,TUR,2018,81407204,788356985773.667,71.0427608433809,Other,9684.118199
Turkiye,TUR,2019,82579440,775853144222.613,73.9767022871511,Other,9395.23378
Turkiye,TUR,2020,83384680,733628247119.077,77.6695605,Other,8798.117917
Turkiye,TUR,2021,84147318,839938668172.134,81.40843745,Other,9981.763984
Turkiye,TUR,2022,84979913,926097476913.818,83.43716576,Other,10897.83979
Turkiye,TUR,2023,85325965,1141242864657.45,85.96074155,Other,13375.09473
Turkiye,TUR,2024,85518661,1359123768774.12,87.3078767,Other,15892.71573
Turkiye,TUR,2025,84147318,839938668172.134,89.77024003,Other,9981.763984
United Kingdom,GBR,1960,52400000,73233967692.1028,0.52,Europe,1397.594803
United Kingdom,GBR,1961,52800000,77741965703.3544,0.14,Europe,1472.385714
United Kingdom,GBR,1962,53250000,81247564156.8246,0.14,Europe,1525.775853
United Kingdom,GBR,1963,53650000,86561961812.3249,0.14,Europe,1613.456884
United Kingdom,GBR,1964,54000000,94407558351.1616,0.14,Europe,1748.288118
United Kingdom,GBR,1965,54348050,101824755078.991,0.14,Europe,1873.567774
United Kingdom,GBR,1966,54648500,108572752102.045,0.14,Europe,1986.747159
United Kingdom,GBR,1967,54943600,113116888210.787,0.14,Europe,2058.781882
United Kingdom,GBR,1968,55211700,107759910067.889,0.14,Europe,1951.758596
United Kingdom,GBR,1969,55441750,116464702803.218,0.14,Europe,2100.667869
United Kingdom,GBR,1970,55663250,130671946244.3,0.14,Europe,2347.544318
United Kingdom,GBR,1971,55896223,148113896325.14,0.14,Europe,2649.801514
United Kingdom,GBR,1972,56086065,169965034965.035,0.14,Europe,3030.432514
United Kingdom,GBR,1973,56194527,192537971582.558,0.14,Europe,3426.276221
United Kingdom,GBR,1974,56229974,206131369798.971,0.14,Europe,3665.862798
United Kingdom,GBR,1975,56225800,241756637168.142,0.0874,Europe,4299.745618
United Kingdom,GBR,1976,56211968,232614555256.065,0.14,Europe,4138.167788
United Kingdom,GBR,1977,56193492,263066457352.172,0.14,Europe,4681.439932
United Kingdom,GBR,1978,56196504,335883029721.956,0.14,Europe,5976.938169
United Kingdom,GBR,1979,56246951,438994070309.191,0.14,Europe,7804.762081
United Kingdom,GBR,1980,56314216,564947710899.373,0.14,Europe,10032.06208
United Kingdom,GBR,1981,56333829,540765675241.158,0.14,Europe,9599.306222
United Kingdom,GBR,1982,56313641,515048916841.37,0.14,Europe,9146.077357
United Kingdom,GBR,1983,56332848,489618008185.539,0.14,Europe,8691.518813
United Kingdom,GBR,1984,56422072,461487097632.349,0.14,Europe,8179.194441
United Kingdom,GBR,1985,56550268,489285164271.047,0.14,Europe,8652.216542
United Kingdom,GBR,1986,56681396,601452653180.885,0.14,Europe,10611.11221
United Kingdom,GBR,1987,56802050,745162608269.325,0.14,Europe,13118.58653
United Kingdom,GBR,1988,56928327,910122732123.799,0.14,Europe,15987.16808
United Kingdom,GBR,1989,57076711,926884816753.927,0.14,Europe,16239.2822
United Kingdom,GBR,1990,57247586,1093169389204.55,0.0874,Europe,19095.467
United Kingdom,GBR,1991,57424897,1142797178130.51,0.174,Europe,19900.72665
United Kingdom,GBR,1992,57580402,1179659529659.53,0.261,Europe,20487.17079
United Kingdom,GBR,1993,57718614,1061388722255.55,0.52,Europe,18389.01957
United Kingdom,GBR,1994,57865745,1140489745944.29,1.04,Europe,19709.2381
United Kingdom,GBR,1995,58019030,1349094208616.06,1.9,Europe,23252.61571
United Kingdom,GBR,1996,58166950,1425287051482.06,4.12,Europe,24503.38296
United Kingdom,GBR,1997,58316954,1569317288801.57,7.39,Europe,26910.13815
United Kingdom,GBR,1998,58487141,1660821464060.95,13.7,Europe,28396.35235
United Kingdom,GBR,1999,58682466,1693458987218.9,21.3,Europe,28858.00653
United Kingdom,GBR,2000,58892514,1671597821152.97,26.8217543508578,Europe,28383.87611
United Kingdom,GBR,2001,59119673,1656171009068.66,33.4810948744147,Europe,28013.87296
United Kingdom,GBR,2002,59370479,1790536570743.41,56.48,Europe,30158.70178
United Kingdom,GBR,2003,59647577,2061227755102.04,64.82,Europe,34556.77261
United Kingdom,GBR,2004,59987905,2429774807762.72,65.61,Europe,40504.41181
United Kingdom,GBR,2005,60401206,2551361818181.82,70,Europe,42240.2463
United Kingdom,GBR,2006,60846820,2719558417663.29,68.82,Europe,44695.16102
United Kingdom,GBR,2007,61322463,3104699879951.98,75.09,Europe,50629.07992
United Kingdom,GBR,2008,61806995,2945251838235.29,78.39,Europe,47652.40307
United Kingdom,GBR,2009,62276270,2429358155475.93,83.56,Europe,39009.37155
United Kingdom,GBR,2010,62766365,2496740681057.14,85,Europe,39778.32205
United Kingdom,GBR,2011,63258810,2675590034128.66,85.3799985496322,Europe,42295.92738
United Kingdom,GBR,2012,63711000,2719715961539.83,87.4799984242111,Europe,42688.32637
United Kingdom,GBR,2013,64139000,2796908333283.39,89.8441,Europe,43606.98379
United Kingdom,GBR,2014,64620000,3085362169410.29,91.6133009176453,Europe,47746.24218
United Kingdom,GBR,2015,65088000,2945579890258.46,92.0002998740234,Europe,45255.34492
United Kingdom,GBR,2016,65607000,2706807606538.73,94.7758006318882,Europe,41257.90855
United Kingdom,GBR,2017,65966000,2699118387873.1,90.4245504868553,Europe,40916.81151
United Kingdom,GBR,2018,66289000,2897028009916.05,90.692008988783,Europe,43702.99763
United Kingdom,GBR,2019,66631000,2875710080015.3,92.5166285497138,Europe,43158.74113
United Kingdom,GBR,2020,66744000,2724001478304.59,94.81820132,Europe,40812.67947
United Kingdom,GBR,2021,66984000,3194559188925.93,96.19650269,Europe,47691.37688
United Kingdom,GBR,2022,67604000,3181244350465.41,95.46530151,Europe,47057.04323
United Kingdom,GBR,2023,68492000,3420796653789.08,95.44719696,Europe,49944.47021
United Kingdom,GBR,2024,69226000,3686033044482.13,95.4720993,Europe,53246.36761
United Kingdom,GBR,2025,69226000,3686033044482.13,95.4720993,Europe,53246.36761
United States,USA,1960,180671000,541988586206.897,71.69,North America,2999.864872
United States,USA,1961,183691000,561940310344.828,9.24,North America,3059.160821
United States,USA,1962,186538000,603639413793.103,0.785,North America,3236.013112
United States,USA,1963,189242000,637058551724.138,0.785,North America,3366.36979
United States,USA,1964,191889000,684144620689.655,0.785,North America,3565.31443
United States,USA,1965,194303000,741904862068.965,0.785,North America,3818.288251
United States,USA,1966,196560000,813032758620.69,0.785,North America,4136.308296
United States,USA,1967,198712000,859620034482.759,0.785,North America,4325.959351
United States,USA,1968,200706000,940225000000,0.785,North America,4684.588403
United States,USA,1969,202677000,1017438172413.79,0.785,North America,5019.998186
United States,USA,1970,205052000,1073303000000,0.785,North America,5234.296666
United States,USA,1971,207661000,1164850000000,0.785,North America,5609.3826
United States,USA,1972,209896000,1279110000000,0.785,North America,6094.01799
United States,USA,1973,211909000,1425376000000,0.785,North America,6726.358956
United States,USA,1974,213854000,1545243000000,0.785,North America,7225.69136
United States,USA,1975,215973000,1684904000000,0.785,North America,7801.456664
United States,USA,1976,218035000,1873412000000,1.72,North America,8592.253537
United States,USA,1977,220239000,2081826000000,0.785,North America,9452.576519
United States,USA,1978,222585000,2351599000000,0.785,North America,10564.94822
United States,USA,1979,225055000,2627333000000,0,North America,11674.18187
United States,USA,1980,227225000,2857307000000,0,North America,12574.79151
United States,USA,1981,229466000,3207041000000,0,North America,13976.10539
United States,USA,1982,231664000,3343789000000,0,North America,14433.78773
United States,USA,1983,233792000,3634038000000,0,North America,15543.89372
United States,USA,1984,235825000,4037613000000,0,North America,17121.22548
United States,USA,1985,237924000,4338979000000,0.785,North America,18236.82773
United States,USA,1986,240133000,4579631000000,1.16,North America,19071.22719
United States,USA,1987,242289000,4855215000000,1.16,North America,20038.9411
United States,USA,1988,244499000,5236438000000,1.16,North America,21417.01193
United States,USA,1989,246819000,5641580000000,1.16,North America,22857.15443
United States,USA,1990,249623000,5963144000000,0.785,North America,23888.60001
United States,USA,1991,252981000,6158129000000,1.16,North America,24342.2589
United States,USA,1992,256514000,6520327000000,1.72,North America,25418.99078
United States,USA,1993,259919000,6858559000000,2.27,North America,26387.29373
United States,USA,1994,263126000,7287236000000,4.86,North America,27694.85342
United States,USA,1995,266278000,7639749000000,9.24,North America,28690.8757
United States,USA,1996,269394000,8073122000000,16.4,North America,29967.71272
United States,USA,1997,272657000,8577554457000,21.6,North America,31459.13898
United States,USA,1998,275854000,9062818202000,30.1,North America,32853.67695
United States,USA,1999,279040000,9631174489000,35.8,North America,34515.39023
United States,USA,2000,282162411,10250947997000,43.0791626375201,North America,36329.95607
United States,USA,2001,284968955,10581929774000,49.0808315896951,North America,37133.62311
United States,USA,2002,287625193,10929112955000,58.7854038836952,North America,37997.75966
United States,USA,2003,290107933,11456442041000,61.6971171244207,North America,39490.27496
United States,USA,2004,292805298,12217193198000,64.7582564759896,North America,41724.63163
United States,USA,2005,295516599,13039199193000,67.9681015,North America,44123.40707
United States,USA,2006,298379912,13815586948000,68.93119812,North America,46302.00088
United States,USA,2007,301231207,14474226905000,75,North America,48050.22378
United States,USA,2008,304093966,14769857911000,74,North America,48570.04598
United States,USA,2009,306771529,14478064934000,71,North America,47194.94335
United States,USA,2010,309378227,15048964444000,71.69,North America,48642.61002
United States,USA,2011,311839461,15599728123000,69.7294607619268,North America,50024.8688
United States,USA,2012,314339099,16253972230000,74.7,North America,51708.40116
United States,USA,2013,316726282,16843190993000,71.4,North America,53179.01276
United States,USA,2014,319257560,17550680174000,73,North America,54973.42075
United States,USA,2015,321815121,18206020741000,74.5542024462761,North America,56572.9189
United States,USA,2016,324353340,18695110842000,85.5444212887222,North America,57638.10184
United States,USA,2017,326608609,19477336549000,87.2748891687657,North America,59635.09844
United States,USA,2018,328529577,20533057312000,88.498903165152,North America,62499.87444
United States,USA,2019,330226227,21380976119000,89.4302848575712,North America,64746.45068
United States,USA,2020,331577720,21060473613000,90.34470367,North America,63515.94918
United States,USA,2021,332099760,23315080560000,91.2684021,North America,70205.05092
United States,USA,2022,334017321,25604848907611,92.72850037,North America,76657.24888
United States,USA,2023,336806231,27292170793214.4,93.52559662,North America,81032.26212
United States,USA,2024,340110988,28750956130731.2,94.69380188,North America,84534.04078
United States,USA,2025,259919000,6858559000000,2.27,North America,26387.29373
